[
    {
        "model": "auth.permission",
        "pk": 1,
        "fields": {
            "name": "Can add log entry",
            "content_type": 1,
            "codename": "add_logentry"
        }
    },
    {
        "model": "auth.permission",
        "pk": 2,
        "fields": {
            "name": "Can change log entry",
            "content_type": 1,
            "codename": "change_logentry"
        }
    },
    {
        "model": "auth.permission",
        "pk": 3,
        "fields": {
            "name": "Can delete log entry",
            "content_type": 1,
            "codename": "delete_logentry"
        }
    },
    {
        "model": "auth.permission",
        "pk": 4,
        "fields": {
            "name": "Can view log entry",
            "content_type": 1,
            "codename": "view_logentry"
        }
    },
    {
        "model": "auth.permission",
        "pk": 5,
        "fields": {
            "name": "Can add permission",
            "content_type": 2,
            "codename": "add_permission"
        }
    },
    {
        "model": "auth.permission",
        "pk": 6,
        "fields": {
            "name": "Can change permission",
            "content_type": 2,
            "codename": "change_permission"
        }
    },
    {
        "model": "auth.permission",
        "pk": 7,
        "fields": {
            "name": "Can delete permission",
            "content_type": 2,
            "codename": "delete_permission"
        }
    },
    {
        "model": "auth.permission",
        "pk": 8,
        "fields": {
            "name": "Can view permission",
            "content_type": 2,
            "codename": "view_permission"
        }
    },
    {
        "model": "auth.permission",
        "pk": 9,
        "fields": {
            "name": "Can add group",
            "content_type": 3,
            "codename": "add_group"
        }
    },
    {
        "model": "auth.permission",
        "pk": 10,
        "fields": {
            "name": "Can change group",
            "content_type": 3,
            "codename": "change_group"
        }
    },
    {
        "model": "auth.permission",
        "pk": 11,
        "fields": {
            "name": "Can delete group",
            "content_type": 3,
            "codename": "delete_group"
        }
    },
    {
        "model": "auth.permission",
        "pk": 12,
        "fields": {
            "name": "Can view group",
            "content_type": 3,
            "codename": "view_group"
        }
    },
    {
        "model": "auth.permission",
        "pk": 13,
        "fields": {
            "name": "Can add content type",
            "content_type": 4,
            "codename": "add_contenttype"
        }
    },
    {
        "model": "auth.permission",
        "pk": 14,
        "fields": {
            "name": "Can change content type",
            "content_type": 4,
            "codename": "change_contenttype"
        }
    },
    {
        "model": "auth.permission",
        "pk": 15,
        "fields": {
            "name": "Can delete content type",
            "content_type": 4,
            "codename": "delete_contenttype"
        }
    },
    {
        "model": "auth.permission",
        "pk": 16,
        "fields": {
            "name": "Can view content type",
            "content_type": 4,
            "codename": "view_contenttype"
        }
    },
    {
        "model": "auth.permission",
        "pk": 17,
        "fields": {
            "name": "Can add session",
            "content_type": 5,
            "codename": "add_session"
        }
    },
    {
        "model": "auth.permission",
        "pk": 18,
        "fields": {
            "name": "Can change session",
            "content_type": 5,
            "codename": "change_session"
        }
    },
    {
        "model": "auth.permission",
        "pk": 19,
        "fields": {
            "name": "Can delete session",
            "content_type": 5,
            "codename": "delete_session"
        }
    },
    {
        "model": "auth.permission",
        "pk": 20,
        "fields": {
            "name": "Can view session",
            "content_type": 5,
            "codename": "view_session"
        }
    },
    {
        "model": "auth.permission",
        "pk": 21,
        "fields": {
            "name": "Can add user",
            "content_type": 6,
            "codename": "add_customuser"
        }
    },
    {
        "model": "auth.permission",
        "pk": 22,
        "fields": {
            "name": "Can change user",
            "content_type": 6,
            "codename": "change_customuser"
        }
    },
    {
        "model": "auth.permission",
        "pk": 23,
        "fields": {
            "name": "Can delete user",
            "content_type": 6,
            "codename": "delete_customuser"
        }
    },
    {
        "model": "auth.permission",
        "pk": 24,
        "fields": {
            "name": "Can view user",
            "content_type": 6,
            "codename": "view_customuser"
        }
    },
    {
        "model": "auth.permission",
        "pk": 25,
        "fields": {
            "name": "Can add customer profile",
            "content_type": 7,
            "codename": "add_customerprofile"
        }
    },
    {
        "model": "auth.permission",
        "pk": 26,
        "fields": {
            "name": "Can change customer profile",
            "content_type": 7,
            "codename": "change_customerprofile"
        }
    },
    {
        "model": "auth.permission",
        "pk": 27,
        "fields": {
            "name": "Can delete customer profile",
            "content_type": 7,
            "codename": "delete_customerprofile"
        }
    },
    {
        "model": "auth.permission",
        "pk": 28,
        "fields": {
            "name": "Can view customer profile",
            "content_type": 7,
            "codename": "view_customerprofile"
        }
    },
    {
        "model": "auth.permission",
        "pk": 29,
        "fields": {
            "name": "Can add facility",
            "content_type": 8,
            "codename": "add_facility"
        }
    },
    {
        "model": "auth.permission",
        "pk": 30,
        "fields": {
            "name": "Can change facility",
            "content_type": 8,
            "codename": "change_facility"
        }
    },
    {
        "model": "auth.permission",
        "pk": 31,
        "fields": {
            "name": "Can delete facility",
            "content_type": 8,
            "codename": "delete_facility"
        }
    },
    {
        "model": "auth.permission",
        "pk": 32,
        "fields": {
            "name": "Can view facility",
            "content_type": 8,
            "codename": "view_facility"
        }
    },
    {
        "model": "auth.permission",
        "pk": 33,
        "fields": {
            "name": "Can add hike",
            "content_type": 9,
            "codename": "add_hike"
        }
    },
    {
        "model": "auth.permission",
        "pk": 34,
        "fields": {
            "name": "Can change hike",
            "content_type": 9,
            "codename": "change_hike"
        }
    },
    {
        "model": "auth.permission",
        "pk": 35,
        "fields": {
            "name": "Can delete hike",
            "content_type": 9,
            "codename": "delete_hike"
        }
    },
    {
        "model": "auth.permission",
        "pk": 36,
        "fields": {
            "name": "Can view hike",
            "content_type": 9,
            "codename": "view_hike"
        }
    },
    {
        "model": "auth.permission",
        "pk": 37,
        "fields": {
            "name": "Can add hike reference point",
            "content_type": 10,
            "codename": "add_hikereferencepoint"
        }
    },
    {
        "model": "auth.permission",
        "pk": 38,
        "fields": {
            "name": "Can change hike reference point",
            "content_type": 10,
            "codename": "change_hikereferencepoint"
        }
    },
    {
        "model": "auth.permission",
        "pk": 39,
        "fields": {
            "name": "Can delete hike reference point",
            "content_type": 10,
            "codename": "delete_hikereferencepoint"
        }
    },
    {
        "model": "auth.permission",
        "pk": 40,
        "fields": {
            "name": "Can view hike reference point",
            "content_type": 10,
            "codename": "view_hikereferencepoint"
        }
    },
    {
        "model": "auth.permission",
        "pk": 41,
        "fields": {
            "name": "Can add hut",
            "content_type": 11,
            "codename": "add_hut"
        }
    },
    {
        "model": "auth.permission",
        "pk": 42,
        "fields": {
            "name": "Can change hut",
            "content_type": 11,
            "codename": "change_hut"
        }
    },
    {
        "model": "auth.permission",
        "pk": 43,
        "fields": {
            "name": "Can delete hut",
            "content_type": 11,
            "codename": "delete_hut"
        }
    },
    {
        "model": "auth.permission",
        "pk": 44,
        "fields": {
            "name": "Can view hut",
            "content_type": 11,
            "codename": "view_hut"
        }
    },
    {
        "model": "auth.permission",
        "pk": 45,
        "fields": {
            "name": "Can add hut facility",
            "content_type": 12,
            "codename": "add_hutfacility"
        }
    },
    {
        "model": "auth.permission",
        "pk": 46,
        "fields": {
            "name": "Can change hut facility",
            "content_type": 12,
            "codename": "change_hutfacility"
        }
    },
    {
        "model": "auth.permission",
        "pk": 47,
        "fields": {
            "name": "Can delete hut facility",
            "content_type": 12,
            "codename": "delete_hutfacility"
        }
    },
    {
        "model": "auth.permission",
        "pk": 48,
        "fields": {
            "name": "Can view hut facility",
            "content_type": 12,
            "codename": "view_hutfacility"
        }
    },
    {
        "model": "auth.permission",
        "pk": 49,
        "fields": {
            "name": "Can add hut hike",
            "content_type": 13,
            "codename": "add_huthike"
        }
    },
    {
        "model": "auth.permission",
        "pk": 50,
        "fields": {
            "name": "Can change hut hike",
            "content_type": 13,
            "codename": "change_huthike"
        }
    },
    {
        "model": "auth.permission",
        "pk": 51,
        "fields": {
            "name": "Can delete hut hike",
            "content_type": 13,
            "codename": "delete_huthike"
        }
    },
    {
        "model": "auth.permission",
        "pk": 52,
        "fields": {
            "name": "Can view hut hike",
            "content_type": 13,
            "codename": "view_huthike"
        }
    },
    {
        "model": "auth.permission",
        "pk": 53,
        "fields": {
            "name": "Can add hut worker",
            "content_type": 14,
            "codename": "add_hutworker"
        }
    },
    {
        "model": "auth.permission",
        "pk": 54,
        "fields": {
            "name": "Can change hut worker",
            "content_type": 14,
            "codename": "change_hutworker"
        }
    },
    {
        "model": "auth.permission",
        "pk": 55,
        "fields": {
            "name": "Can delete hut worker",
            "content_type": 14,
            "codename": "delete_hutworker"
        }
    },
    {
        "model": "auth.permission",
        "pk": 56,
        "fields": {
            "name": "Can view hut worker",
            "content_type": 14,
            "codename": "view_hutworker"
        }
    },
    {
        "model": "auth.permission",
        "pk": 57,
        "fields": {
            "name": "Can add parking lot",
            "content_type": 15,
            "codename": "add_parkinglot"
        }
    },
    {
        "model": "auth.permission",
        "pk": 58,
        "fields": {
            "name": "Can change parking lot",
            "content_type": 15,
            "codename": "change_parkinglot"
        }
    },
    {
        "model": "auth.permission",
        "pk": 59,
        "fields": {
            "name": "Can delete parking lot",
            "content_type": 15,
            "codename": "delete_parkinglot"
        }
    },
    {
        "model": "auth.permission",
        "pk": 60,
        "fields": {
            "name": "Can view parking lot",
            "content_type": 15,
            "codename": "view_parkinglot"
        }
    },
    {
        "model": "auth.permission",
        "pk": 61,
        "fields": {
            "name": "Can add point",
            "content_type": 16,
            "codename": "add_point"
        }
    },
    {
        "model": "auth.permission",
        "pk": 62,
        "fields": {
            "name": "Can change point",
            "content_type": 16,
            "codename": "change_point"
        }
    },
    {
        "model": "auth.permission",
        "pk": 63,
        "fields": {
            "name": "Can delete point",
            "content_type": 16,
            "codename": "delete_point"
        }
    },
    {
        "model": "auth.permission",
        "pk": 64,
        "fields": {
            "name": "Can view point",
            "content_type": 16,
            "codename": "view_point"
        }
    },
    {
        "model": "auth.permission",
        "pk": 65,
        "fields": {
            "name": "Can add weather alert",
            "content_type": 17,
            "codename": "add_weatheralert"
        }
    },
    {
        "model": "auth.permission",
        "pk": 66,
        "fields": {
            "name": "Can change weather alert",
            "content_type": 17,
            "codename": "change_weatheralert"
        }
    },
    {
        "model": "auth.permission",
        "pk": 67,
        "fields": {
            "name": "Can delete weather alert",
            "content_type": 17,
            "codename": "delete_weatheralert"
        }
    },
    {
        "model": "auth.permission",
        "pk": 68,
        "fields": {
            "name": "Can view weather alert",
            "content_type": 17,
            "codename": "view_weatheralert"
        }
    },
    {
        "model": "auth.permission",
        "pk": 69,
        "fields": {
            "name": "Can add user hike log",
            "content_type": 18,
            "codename": "add_userhikelog"
        }
    },
    {
        "model": "auth.permission",
        "pk": 70,
        "fields": {
            "name": "Can change user hike log",
            "content_type": 18,
            "codename": "change_userhikelog"
        }
    },
    {
        "model": "auth.permission",
        "pk": 71,
        "fields": {
            "name": "Can delete user hike log",
            "content_type": 18,
            "codename": "delete_userhikelog"
        }
    },
    {
        "model": "auth.permission",
        "pk": 72,
        "fields": {
            "name": "Can view user hike log",
            "content_type": 18,
            "codename": "view_userhikelog"
        }
    },
    {
        "model": "auth.permission",
        "pk": 73,
        "fields": {
            "name": "Can add auth token",
            "content_type": 19,
            "codename": "add_authtoken"
        }
    },
    {
        "model": "auth.permission",
        "pk": 74,
        "fields": {
            "name": "Can change auth token",
            "content_type": 19,
            "codename": "change_authtoken"
        }
    },
    {
        "model": "auth.permission",
        "pk": 75,
        "fields": {
            "name": "Can delete auth token",
            "content_type": 19,
            "codename": "delete_authtoken"
        }
    },
    {
        "model": "auth.permission",
        "pk": 76,
        "fields": {
            "name": "Can view auth token",
            "content_type": 19,
            "codename": "view_authtoken"
        }
    },
    {
        "model": "contenttypes.contenttype",
        "pk": 1,
        "fields": {
            "app_label": "admin",
            "model": "logentry"
        }
    },
    {
        "model": "contenttypes.contenttype",
        "pk": 2,
        "fields": {
            "app_label": "auth",
            "model": "permission"
        }
    },
    {
        "model": "contenttypes.contenttype",
        "pk": 3,
        "fields": {
            "app_label": "auth",
            "model": "group"
        }
    },
    {
        "model": "contenttypes.contenttype",
        "pk": 4,
        "fields": {
            "app_label": "contenttypes",
            "model": "contenttype"
        }
    },
    {
        "model": "contenttypes.contenttype",
        "pk": 5,
        "fields": {
            "app_label": "sessions",
            "model": "session"
        }
    },
    {
        "model": "contenttypes.contenttype",
        "pk": 6,
        "fields": {
            "app_label": "hiketracking",
            "model": "customuser"
        }
    },
    {
        "model": "contenttypes.contenttype",
        "pk": 7,
        "fields": {
            "app_label": "hiketracking",
            "model": "customerprofile"
        }
    },
    {
        "model": "contenttypes.contenttype",
        "pk": 8,
        "fields": {
            "app_label": "hiketracking",
            "model": "facility"
        }
    },
    {
        "model": "contenttypes.contenttype",
        "pk": 9,
        "fields": {
            "app_label": "hiketracking",
            "model": "hike"
        }
    },
    {
        "model": "contenttypes.contenttype",
        "pk": 10,
        "fields": {
            "app_label": "hiketracking",
            "model": "hikereferencepoint"
        }
    },
    {
        "model": "contenttypes.contenttype",
        "pk": 11,
        "fields": {
            "app_label": "hiketracking",
            "model": "hut"
        }
    },
    {
        "model": "contenttypes.contenttype",
        "pk": 12,
        "fields": {
            "app_label": "hiketracking",
            "model": "hutfacility"
        }
    },
    {
        "model": "contenttypes.contenttype",
        "pk": 13,
        "fields": {
            "app_label": "hiketracking",
            "model": "huthike"
        }
    },
    {
        "model": "contenttypes.contenttype",
        "pk": 14,
        "fields": {
            "app_label": "hiketracking",
            "model": "hutworker"
        }
    },
    {
        "model": "contenttypes.contenttype",
        "pk": 15,
        "fields": {
            "app_label": "hiketracking",
            "model": "parkinglot"
        }
    },
    {
        "model": "contenttypes.contenttype",
        "pk": 16,
        "fields": {
            "app_label": "hiketracking",
            "model": "point"
        }
    },
    {
        "model": "contenttypes.contenttype",
        "pk": 17,
        "fields": {
            "app_label": "hiketracking",
            "model": "weatheralert"
        }
    },
    {
        "model": "contenttypes.contenttype",
        "pk": 18,
        "fields": {
            "app_label": "hiketracking",
            "model": "userhikelog"
        }
    },
    {
        "model": "contenttypes.contenttype",
        "pk": 19,
        "fields": {
            "app_label": "knox",
            "model": "authtoken"
        }
    },
    {
        "model": "sessions.session",
        "pk": "75xz6wmc2vn06jzdknftnzmwwd64c66s",
        "fields": {
            "session_data": ".eJxVjDsOwjAQBe_iGln-IpuSnjNYu-s1DiBbipMq4u4QKQW0b2beJhKsS03r4DlNWVyEEaffDYGe3HaQH9DuXVJvyzyh3BV50CFvPfPrerh_BxVG_dZYDAeni0dnjLPBRS5YdAwUkTJF6zUAeLBZMfqgNdlSsomK4xmCUeL9Afj-OGA:1pDoPB:nrQAEG2Mw19XTk3_Xfgv2SeVUaiaERn9NYX-uitHFj0",
            "expire_date": "2023-01-20T16:13:13.702"
        }
    },
    {
        "model": "sessions.session",
        "pk": "bbab7c3duddfeqsfak7gh5c6st0ubd05",
        "fields": {
            "session_data": ".eJxVjDsOwjAQBe_iGln-IpuSnjNYu-s1DiBbipMq4u4QKQW0b2beJhKsS03r4DlNWVyEEaffDYGe3HaQH9DuXVJvyzyh3BV50CFvPfPrerh_BxVG_dZYDAeni0dnjLPBRS5YdAwUkTJF6zUAeLBZMfqgNdlSsomK4xmCUeL9Afj-OGA:1pDoN8:60UpsHcWyGhfX3VKKMi8blf6oPFrRHQxTv2zSTqNTLg",
            "expire_date": "2023-01-20T16:11:06.389"
        }
    },
    {
        "model": "sessions.session",
        "pk": "fvwh8nv6tia88112ou5gl7gcgo9s75sn",
        "fields": {
            "session_data": ".eJxVjDsOwjAQBe_iGln-IpuSnjNYu-s1DiBbipMq4u4QKQW0b2beJhKsS03r4DlNWVyEFqffDYGe3HaQH9DuXVJvyzyh3BV50CFvPfPrerh_BxVG_dZYDAeni0dnjLPBRS5YdAwUkTJF6zUAeLBZMfqgNdlSsomK4xmCUeL9AfhlOF8:1pDomF:lXceJ8mm3MkSkwHOUMTHkWyAZ6i_u7xvdBbsR2Qiluw",
            "expire_date": "2023-01-20T16:37:03.172"
        }
    },
    {
        "model": "sessions.session",
        "pk": "u3ynb0io3e3gssmgdq5numpztzw7fp0p",
        "fields": {
            "session_data": ".eJxVjEEOwiAQRe_C2pAy2MG6dN8zkGEGpGogKe3KeHfbpAvd_vfefytP65L92uLsJ1FXZS7q9DsG4mcsO5EHlXvVXMsyT0Hvij5o02OV-Lod7t9Bppa3OqEVDmI6C8CEgBIoEViHhgaI4M4SBFk6h0TIqecNcUJB0_NARn2-KWY45A:1pDoWK:JaQ4txpgljEyGt8E_AlRGUP9UyfJfXTGriasbokeEMQ",
            "expire_date": "2023-01-20T16:20:36.858"
        }
    },
    {
        "model": "sessions.session",
        "pk": "vj3f2rxol00v5c5haby8o679uimg9mum",
        "fields": {
            "session_data": ".eJxVjEEOwiAQRe_C2pAy2MG6dN8zkGEGpGogKe3KeHfbpAvd_vfefytP65L92uLsJ1FXZS7q9DsG4mcsO5EHlXvVXMsyT0Hvij5o02OV-Lod7t9Bppa3OqEVDmI6C8CEgBIoEViHhgaI4M4SBFk6h0TIqecNcUJB0_NARn2-KWY45A:1pDoWu:u3frqLaCLZ6Zsk3WBsmEy8mCMSnUiaehOh0wZhxANEg",
            "expire_date": "2023-01-20T16:21:12.551"
        }
    },
    {
        "model": "hiketracking.customuser",
        "pk": 1,
        "fields": {
            "password": "pbkdf2_sha256$390000$tp5Q3aUxKCKdBoDQyTl1uE$hc+05eIs5g7Bgzwl+xSm9NTcBiVq7fI6+45tjYpeeqo=",
            "last_login": "2023-01-06T16:37:03.163",
            "is_superuser": false,
            "first_name": "",
            "last_name": "",
            "email": "g@mail.com",
            "role": "localguide",
            "is_staff": false,
            "is_confirmed": true,
            "is_active": true,
            "date_joined": "2023-01-06T16:10:16.746",
            "groups": [],
            "user_permissions": []
        }
    },
    {
        "model": "hiketracking.customuser",
        "pk": 2,
        "fields": {
            "password": "pbkdf2_sha256$390000$tp5Q3aUxKCKdBoDQyTl1uE$hc+05eIs5g7Bgzwl+xSm9NTcBiVq7fI6+45tjYpeeqo=",
            "last_login": "2023-01-06T16:13:13.693",
            "is_superuser": false,
            "first_name": "",
            "last_name": "",
            "email": "h@mail.com",
            "role": "hiker",
            "is_staff": false,
            "is_confirmed": true,
            "is_active": true,
            "date_joined": "2023-01-06T16:10:16.753",
            "groups": [],
            "user_permissions": []
        }
    },
    {
        "model": "hiketracking.customuser",
        "pk": 3,
        "fields": {
            "password": "pbkdf2_sha256$390000$tp5Q3aUxKCKdBoDQyTl1uE$hc+05eIs5g7Bgzwl+xSm9NTcBiVq7fI6+45tjYpeeqo=",
            "last_login": null,
            "is_superuser": false,
            "first_name": "",
            "last_name": "",
            "email": "pm@mail.com",
            "role": "platformmanager",
            "is_staff": false,
            "is_confirmed": true,
            "is_active": true,
            "date_joined": "2023-01-06T16:10:16.754",
            "groups": [],
            "user_permissions": []
        }
    },
    {
        "model": "hiketracking.customuser",
        "pk": 4,
        "fields": {
            "password": "pbkdf2_sha256$390000$tp5Q3aUxKCKdBoDQyTl1uE$hc+05eIs5g7Bgzwl+xSm9NTcBiVq7fI6+45tjYpeeqo=",
            "last_login": null,
            "is_superuser": false,
            "first_name": "",
            "last_name": "",
            "email": "hw@mail.com",
            "role": "hutworker",
            "is_staff": false,
            "is_confirmed": true,
            "is_active": true,
            "date_joined": "2023-01-06T16:10:16.754",
            "groups": [],
            "user_permissions": []
        }
    },
    {
        "model": "hiketracking.customuser",
        "pk": 5,
        "fields": {
            "password": "pbkdf2_sha256$390000$tp5Q3aUxKCKdBoDQyTl1uE$hc+05eIs5g7Bgzwl+xSm9NTcBiVq7fI6+45tjYpeeqo=",
            "last_login": null,
            "is_superuser": false,
            "first_name": "",
            "last_name": "",
            "email": "hw2@mail.com",
            "role": "hutworker",
            "is_staff": false,
            "is_confirmed": false,
            "is_active": true,
            "date_joined": "2023-01-06T16:10:16.755",
            "groups": [],
            "user_permissions": []
        }
    },
    {
        "model": "hiketracking.customuser",
        "pk": 17,
        "fields": {
            "password": "pbkdf2_sha256$390000$ifjGdP7ueT3cwTeELvt4o2$/Nbc27DWB9RHQ26phdc4E2KmZe7lzv4WfpdiAyU4woQ=",
            "last_login": null,
            "is_superuser": true,
            "first_name": "",
            "last_name": "",
            "email": "md@gmail.com",
            "role": "admin",
            "is_staff": true,
            "is_confirmed": true,
            "is_active": true,
            "date_joined": "2023-01-06T16:10:16.756",
            "groups": [],
            "user_permissions": []
        }
    },
    {
        "model": "hiketracking.customuser",
        "pk": 18,
        "fields": {
            "password": "pbkdf2_sha256$390000$IHpUy0snAX1YDJb8ZmspKh$7U22QYJ9SqwQ5clGWg7fIWYl184b/+u+V9lGEaFHyMo=",
            "last_login": "2023-01-06T16:21:12.544",
            "is_superuser": false,
            "first_name": "",
            "last_name": "",
            "email": "giorgiopoma37@gmail.com",
            "role": "Hiker",
            "is_staff": false,
            "is_confirmed": false,
            "is_active": true,
            "date_joined": "2023-01-06T16:20:11.387",
            "groups": [],
            "user_permissions": []
        }
    },
    {
        "model": "hiketracking.point",
        "pk": 1,
        "fields": {
            "latitude": 45.177786,
            "longitude": 7.083372,
            "province": "Torino",
            "village": "Mompantero",
            "address": "Rifugio La Riposa",
            "type": ""
        }
    },
    {
        "model": "hiketracking.point",
        "pk": 2,
        "fields": {
            "latitude": 45.203531,
            "longitude": 7.07734,
            "province": "Torino",
            "village": "Mompantero",
            "address": "Rocciamelone",
            "type": ""
        }
    },
    {
        "model": "hiketracking.point",
        "pk": 3,
        "fields": {
            "latitude": 44.88604,
            "longitude": 6.847677,
            "province": "Torino",
            "village": "Cesana torinese",
            "address": "10054 Cesana torinese TO",
            "type": ""
        }
    },
    {
        "model": "hiketracking.point",
        "pk": 4,
        "fields": {
            "latitude": 44.886133,
            "longitude": 6.847552,
            "province": "Torino",
            "village": "Cesana torinese",
            "address": "10054 Cesana torinese TO",
            "type": ""
        }
    },
    {
        "model": "hiketracking.point",
        "pk": 7,
        "fields": {
            "latitude": 45.089292,
            "longitude": 6.675187,
            "province": "Torino",
            "village": "Bardonecchia",
            "address": "Grange della Rho",
            "type": ""
        }
    },
    {
        "model": "hiketracking.point",
        "pk": 8,
        "fields": {
            "latitude": 45.089308,
            "longitude": 6.675215,
            "province": "Torino",
            "village": "Bardonecchia",
            "address": "Punta Nera",
            "type": ""
        }
    },
    {
        "model": "hiketracking.point",
        "pk": 9,
        "fields": {
            "latitude": 44.938467,
            "longitude": 6.749585,
            "province": "Torino",
            "village": "Claviere",
            "address": "Claviere (Torino)",
            "type": ""
        }
    },
    {
        "model": "hiketracking.point",
        "pk": 10,
        "fields": {
            "latitude": 44.9,
            "longitude": 6.76687,
            "province": "Torino",
            "village": "Claviere",
            "address": "Lago dei Sette Colori (Lago Gignoux)",
            "type": ""
        }
    },
    {
        "model": "hiketracking.point",
        "pk": 11,
        "fields": {
            "latitude": 44.9941,
            "longitude": 7.455977,
            "province": "Torino",
            "village": "Piossasco",
            "address": "Ca' Dorina Piossasco (TO) ",
            "type": ""
        }
    },
    {
        "model": "hiketracking.point",
        "pk": 12,
        "fields": {
            "latitude": 45.021651,
            "longitude": 7.42173,
            "province": "Torino",
            "village": "Trana",
            "address": "Monte Pietraborga",
            "type": ""
        }
    },
    {
        "model": "hiketracking.point",
        "pk": 13,
        "fields": {
            "latitude": 44.597277296707034,
            "longitude": 7.202730746939778,
            "province": "Cuneo",
            "village": "Becetto",
            "address": "Borgata Rua a Becetto (CN)",
            "type": ""
        }
    },
    {
        "model": "hiketracking.point",
        "pk": 14,
        "fields": {
            "latitude": 44.597145952284336,
            "longitude": 7.202682048082352,
            "province": "Cuneo",
            "village": "Paesana",
            "address": "Testa di Garitta Nuova",
            "type": ""
        }
    },
    {
        "model": "hiketracking.point",
        "pk": 15,
        "fields": {
            "latitude": 44.596613,
            "longitude": 7.201825,
            "province": "Cuneo",
            "village": "Becetto",
            "address": "Borgata Rua a Becetto (CN)",
            "type": ""
        }
    },
    {
        "model": "hiketracking.point",
        "pk": 16,
        "fields": {
            "latitude": 44.615185,
            "longitude": 7.177367,
            "province": "Cuneo",
            "village": "Sampeyre",
            "address": "Cima di Crosa",
            "type": ""
        }
    },
    {
        "model": "hiketracking.point",
        "pk": 17,
        "fields": {
            "latitude": 44.59706758148968,
            "longitude": 7.202494293451309,
            "province": "Cuneo",
            "village": "Becetto",
            "address": "Becetto (CN)",
            "type": ""
        }
    },
    {
        "model": "hiketracking.point",
        "pk": 18,
        "fields": {
            "latitude": 44.6216659527272,
            "longitude": 7.200692351907492,
            "province": "Cuneo",
            "village": "Paesana",
            "address": "Monte Riba del Gias",
            "type": ""
        }
    },
    {
        "model": "hiketracking.point",
        "pk": 19,
        "fields": {
            "latitude": 44.57619898952544,
            "longitude": 7.180788516998291,
            "province": "Cuneo",
            "village": "Sampeyre",
            "address": "Sampeyre (CN)",
            "type": ""
        }
    },
    {
        "model": "hiketracking.point",
        "pk": 20,
        "fields": {
            "latitude": 44.700645,
            "longitude": 7.117767,
            "province": "Cuneo",
            "village": "Crissolo",
            "address": "Pian della Regina Crissolo (CN)",
            "type": ""
        }
    },
    {
        "model": "hiketracking.point",
        "pk": 21,
        "fields": {
            "latitude": 44.700759,
            "longitude": 7.117535,
            "province": "Cuneo",
            "village": "Crissolo",
            "address": "Laghi del Monviso",
            "type": ""
        }
    },
    {
        "model": "hiketracking.point",
        "pk": 22,
        "fields": {
            "latitude": 45.95614,
            "longitude": 9.1502,
            "province": "Como",
            "village": "Colonno",
            "address": "Via Luigi Civetta",
            "type": ""
        }
    },
    {
        "model": "hiketracking.point",
        "pk": 23,
        "fields": {
            "latitude": 45.99601,
            "longitude": 9.23868,
            "province": "Como",
            "village": "Griante",
            "address": "Villa Margherita Ricordi",
            "type": ""
        }
    },
    {
        "model": "hiketracking.point",
        "pk": 24,
        "fields": {
            "latitude": 40.63111,
            "longitude": 14.53658,
            "province": "Napoli",
            "village": "Bomerano",
            "address": "Bomerano Pianillo (NA)",
            "type": ""
        }
    },
    {
        "model": "hiketracking.point",
        "pk": 25,
        "fields": {
            "latitude": 40.62984,
            "longitude": 14.50302,
            "province": "Salerno",
            "village": "Nocelle",
            "address": "Nocelle (SA)",
            "type": ""
        }
    },
    {
        "model": "hiketracking.point",
        "pk": 26,
        "fields": {
            "latitude": 44.14562,
            "longitude": 9.65342,
            "province": "La Spezia",
            "village": "Monteresso",
            "address": "Monteresso (SP)",
            "type": ""
        }
    },
    {
        "model": "hiketracking.point",
        "pk": 27,
        "fields": {
            "latitude": 44.13863,
            "longitude": 9.67826,
            "province": "La Spezia",
            "village": "Vernazza",
            "address": "Vernazza (SP)",
            "type": ""
        }
    },
    {
        "model": "hiketracking.point",
        "pk": 101,
        "fields": {
            "latitude": 38.1244982,
            "longitude": 12.7880075,
            "province": "Trapani",
            "village": "San Vito Lo Capo",
            "address": "Riserva dello zingaro ingresso nord",
            "type": ""
        }
    },
    {
        "model": "hiketracking.point",
        "pk": 102,
        "fields": {
            "latitude": 38.0817236,
            "longitude": 12.8084234,
            "province": "Trapani",
            "village": "Castellammare del golfo",
            "address": "Riserva dello zingaro",
            "type": ""
        }
    },
    {
        "model": "hiketracking.point",
        "pk": 103,
        "fields": {
            "latitude": 46.030789,
            "longitude": 10.000777,
            "province": "Bergamo",
            "village": "Bergamo",
            "address": "Via Casa Corti 3",
            "type": ""
        }
    },
    {
        "model": "hiketracking.point",
        "pk": 104,
        "fields": {
            "latitude": 37.987578,
            "longitude": 12.750318,
            "province": "Trapani",
            "village": "Buseto palizzolo",
            "address": "Ingresso Bosco Scorace",
            "type": ""
        }
    },
    {
        "model": "hiketracking.point",
        "pk": 105,
        "fields": {
            "latitude": 37.988726,
            "longitude": 12.781462,
            "province": "Trapani",
            "village": "Buseto palizzolo",
            "address": "Punta del monte Scorace",
            "type": ""
        }
    },
    {
        "model": "hiketracking.point",
        "pk": 106,
        "fields": {
            "latitude": 45.85661,
            "longitude": 7.81332,
            "province": "Aosta",
            "village": "Gressoney",
            "address": "Loc. Tschaval",
            "type": ""
        }
    },
    {
        "model": "hiketracking.point",
        "pk": 107,
        "fields": {
            "latitude": 38.07196,
            "longitude": 12.754372,
            "province": "Trapani",
            "village": "Custonaci",
            "address": "Purgatorio",
            "type": ""
        }
    },
    {
        "model": "hiketracking.point",
        "pk": 108,
        "fields": {
            "latitude": 38.055408,
            "longitude": 12.775705,
            "province": "Trapani",
            "village": "Custonaci",
            "address": "Punta del monte Sparagio",
            "type": ""
        }
    },
    {
        "model": "hiketracking.point",
        "pk": 110,
        "fields": {
            "latitude": 38.028741,
            "longitude": 12.601088,
            "province": "Trapani",
            "village": "Erice",
            "address": "Casa Santa Erice",
            "type": ""
        }
    },
    {
        "model": "hiketracking.point",
        "pk": 111,
        "fields": {
            "latitude": 38.035817,
            "longitude": 12.591268,
            "province": "Trapani",
            "village": "Erice",
            "address": "Torretta Pepoli",
            "type": ""
        }
    },
    {
        "model": "hiketracking.point",
        "pk": 113,
        "fields": {
            "latitude": 38.096874,
            "longitude": 12.66306,
            "province": "Trapani",
            "village": "Custonaci",
            "address": "Cornino",
            "type": ""
        }
    },
    {
        "model": "hiketracking.point",
        "pk": 114,
        "fields": {
            "latitude": 38.105637,
            "longitude": 12.669372,
            "province": "Trapani",
            "village": "Custonaci",
            "address": "Punta Cofano",
            "type": ""
        }
    },
    {
        "model": "hiketracking.point",
        "pk": 116,
        "fields": {
            "latitude": 45.740927,
            "longitude": 10.795999,
            "province": "Verona",
            "village": "Cassone",
            "address": "Via Gardesana",
            "type": ""
        }
    },
    {
        "model": "hiketracking.point",
        "pk": 117,
        "fields": {
            "latitude": 45.779783,
            "longitude": 10.81679,
            "province": "Verona",
            "village": "Malcesine",
            "address": "Via Gardesana orientale",
            "type": ""
        }
    },
    {
        "model": "hiketracking.point",
        "pk": 119,
        "fields": {
            "latitude": 38.001995,
            "longitude": 13.089526,
            "province": "Palermo",
            "village": "Partinico",
            "address": "Lago Poma Nord",
            "type": ""
        }
    },
    {
        "model": "hiketracking.point",
        "pk": 120,
        "fields": {
            "latitude": 37.973715,
            "longitude": 13.120139,
            "province": "Palermo",
            "village": "Partinico",
            "address": "Lago Poma sud-est",
            "type": ""
        }
    },
    {
        "model": "hiketracking.point",
        "pk": 122,
        "fields": {
            "latitude": 37.935226,
            "longitude": 12.272521,
            "province": "Trapani",
            "village": "Favignana",
            "address": "Faro di punta sottile",
            "type": ""
        }
    },
    {
        "model": "hiketracking.point",
        "pk": 123,
        "fields": {
            "latitude": 37.9071,
            "longitude": 12.365328,
            "province": "Trapani",
            "village": "Favignana",
            "address": "Faro di punta Marsala",
            "type": ""
        }
    },
    {
        "model": "hiketracking.point",
        "pk": 125,
        "fields": {
            "latitude": 37.655399,
            "longitude": 14.983877,
            "province": "Catania",
            "village": "Belpasso",
            "address": "Monte di San Leo",
            "type": ""
        }
    },
    {
        "model": "hiketracking.point",
        "pk": 126,
        "fields": {
            "latitude": 37.749308,
            "longitude": 14.995278,
            "province": "Catania",
            "village": "Catania",
            "address": "Monte Etna",
            "type": ""
        }
    },
    {
        "model": "hiketracking.point",
        "pk": 128,
        "fields": {
            "latitude": 37.69954,
            "longitude": 13.142291,
            "province": "Palermo",
            "village": "Contessa Entellina",
            "address": "Parco dei Sicani ingresso Ovest",
            "type": ""
        }
    },
    {
        "model": "hiketracking.point",
        "pk": 129,
        "fields": {
            "latitude": 37.689523,
            "longitude": 13.174764,
            "province": "Palermo",
            "village": "Contessa Entellina",
            "address": "Monte San Genuardo",
            "type": ""
        }
    },
    {
        "model": "hiketracking.point",
        "pk": 131,
        "fields": {
            "latitude": 40.85638,
            "longitude": 17.122925,
            "province": "Apulia",
            "village": "Putignano",
            "address": "Via Vincenzo Petruzzi 107, 70017 Putignano",
            "type": "none"
        }
    },
    {
        "model": "hiketracking.point",
        "pk": 132,
        "fields": {
            "latitude": 40.786604,
            "longitude": 17.241783,
            "province": "Bari",
            "village": "Alberobello",
            "address": "Via Margherita 45, 70011 Alberobello",
            "type": "none"
        }
    },
    {
        "model": "hiketracking.point",
        "pk": 133,
        "fields": {
            "latitude": 40.530318,
            "longitude": 17.430459,
            "province": "Taranto,",
            "village": "Grottaglie",
            "address": "Via Leone XIII 9, 74023 Grottaglie",
            "type": "none"
        }
    },
    {
        "model": "hiketracking.point",
        "pk": 134,
        "fields": {
            "latitude": 40.472191,
            "longitude": 17.237648,
            "province": "Trento",
            "village": "Taranto",
            "address": "Via Niccolò Tommaso D'Aquino 44, 74123 Taranto Taranto Italia",
            "type": "none"
        }
    },
    {
        "model": "hiketracking.point",
        "pk": 135,
        "fields": {
            "latitude": 40.472204,
            "longitude": 17.237745,
            "province": "Trento",
            "village": "trento",
            "address": "Via Niccolò Tommaso D'Aquino 44, 74123 Taranto Taranto Italia",
            "type": "none"
        }
    },
    {
        "model": "hiketracking.point",
        "pk": 136,
        "fields": {
            "latitude": 40.581585,
            "longitude": 17.113218,
            "province": "Apulia",
            "village": "Taranto",
            "address": "Ferrovie Sudest, Strada Statale 7 Via Appia, Massafra, Taranto, Apulia, 74016, Italy",
            "type": "none"
        }
    },
    {
        "model": "hiketracking.point",
        "pk": 137,
        "fields": {
            "latitude": 40.472825,
            "longitude": 17.237708,
            "province": "Apulia",
            "village": "Taranto",
            "address": "Ferrovie Sudest, Strada Statale 7 Via Appia, Massafra, Taranto, Apulia, 74016, Italy",
            "type": "none"
        }
    },
    {
        "model": "hiketracking.point",
        "pk": 138,
        "fields": {
            "latitude": 40.472957,
            "longitude": 17.237864,
            "province": "Apulia",
            "village": "Taranto",
            "address": "Chiesa di San Pasquale Bailon, 37, Corso Umberto primo, Taranto, Apulia, 74123, Italy",
            "type": "none"
        }
    },
    {
        "model": "hiketracking.point",
        "pk": 139,
        "fields": {
            "latitude": 40.417626,
            "longitude": 17.216878,
            "province": "Apulia",
            "village": "Taranto",
            "address": "Via Latterini, San Vito, Taranto, Apulia, 74122, Italy",
            "type": "none"
        }
    },
    {
        "model": "hiketracking.point",
        "pk": 140,
        "fields": {
            "latitude": 40.417493,
            "longitude": 17.216862,
            "province": "Apulia",
            "village": "Taranto",
            "address": "Via Latterini, San Vito, Taranto, Apulia, 74122, Italy",
            "type": "none"
        }
    },
    {
        "model": "hiketracking.point",
        "pk": 141,
        "fields": {
            "latitude": 40.408507,
            "longitude": 17.240423,
            "province": "Apulia",
            "village": "Taranto",
            "address": "Via Latterini, San Vito, Taranto, Apulia, 74122, Italy",
            "type": "none"
        }
    },
    {
        "model": "hiketracking.point",
        "pk": 142,
        "fields": {
            "latitude": 40.408589,
            "longitude": 17.240701,
            "province": "Apulia",
            "village": "Taranto",
            "address": "Bar Melucci, Via Sciabelle, Lama, Taranto, Apulia, 74122, Italy",
            "type": "none"
        }
    },
    {
        "model": "hiketracking.point",
        "pk": 143,
        "fields": {
            "latitude": 40.403123,
            "longitude": 17.264042,
            "province": "Apulia",
            "village": "Taranto",
            "address": "Capolinea autobus \"Pezzavilla\", Talsano, Taranto, Apulia, 74122, Italy",
            "type": "none"
        }
    },
    {
        "model": "hiketracking.point",
        "pk": 144,
        "fields": {
            "latitude": 40.402498,
            "longitude": 17.264316,
            "province": "Apulia",
            "village": "Taranto",
            "address": "Via Carlo Magno, Talsano, Taranto, Apulia, 74122, Italy",
            "type": "none"
        }
    },
    {
        "model": "hiketracking.point",
        "pk": 145,
        "fields": {
            "latitude": 40.35113,
            "longitude": 15.001618,
            "province": "Campania",
            "village": "Salerno",
            "address": "Parcheggio, Agropoli, Salerno, Campania, 84043, Italy",
            "type": "none"
        }
    },
    {
        "model": "hiketracking.point",
        "pk": 146,
        "fields": {
            "latitude": 40.284635,
            "longitude": 14.946704,
            "province": "Campania",
            "village": "Salerno",
            "address": "PerBacco, via Flavio Gioia, Santa Maria di Castellabate, Castellabate, Salerno, Campania, 84048, Ita",
            "type": "none"
        }
    },
    {
        "model": "hiketracking.point",
        "pk": 147,
        "fields": {
            "latitude": 40.284887,
            "longitude": 14.94611,
            "province": "Campania",
            "village": "Salerno",
            "address": "Santa Maria di Castellabate, Castellabate, Salerno, Campania, 84048, Italy",
            "type": "none"
        }
    },
    {
        "model": "hiketracking.point",
        "pk": 148,
        "fields": {
            "latitude": 40.284837,
            "longitude": 14.945685,
            "province": "Campania",
            "village": "Salerno",
            "address": "Santa Maria di Castellabate, Castellabate, Salerno, Campania, 84048, Italy",
            "type": "none"
        }
    },
    {
        "model": "hiketracking.point",
        "pk": 149,
        "fields": {
            "latitude": 40.284888,
            "longitude": 14.94611,
            "province": "Campania",
            "village": "Salerno",
            "address": "Santa Maria di Castellabate, Castellabate, Salerno, Campania, 84048, Italy",
            "type": "none"
        }
    },
    {
        "model": "hiketracking.point",
        "pk": 150,
        "fields": {
            "latitude": 40.284838,
            "longitude": 14.945685,
            "province": "Campania",
            "village": "Salerno",
            "address": "Santa Maria di Castellabate, Castellabate, Salerno, Campania, 84048, Italy",
            "type": "none"
        }
    },
    {
        "model": "hiketracking.point",
        "pk": 151,
        "fields": {
            "latitude": 44.240084,
            "longitude": 9.485246,
            "province": "Metropolitan City of Genoa",
            "village": "Mongelia",
            "address": "Località la Secca, 1, 16030 Moneglia GE",
            "type": "none"
        }
    },
    {
        "model": "hiketracking.point",
        "pk": 152,
        "fields": {
            "latitude": 44.167137,
            "longitude": 9.613327,
            "province": "La Spezia",
            "village": "Levanto",
            "address": "Via Guido Semenza, 5, 19015 Levanto SP",
            "type": "none"
        }
    },
    {
        "model": "hiketracking.point",
        "pk": 153,
        "fields": {
            "latitude": 44.851584,
            "longitude": 9.866935,
            "province": "Piacenza",
            "village": "Castell'Arquato ",
            "address": "Via Sforza Caolzio, 9, 29014 Castell'Arquato PC",
            "type": "none"
        }
    },
    {
        "model": "hiketracking.point",
        "pk": 154,
        "fields": {
            "latitude": 44.867353,
            "longitude": 10.057698,
            "province": "Parma",
            "village": "Fidenza",
            "address": "Via Camillo Benso di Cavour",
            "type": "none"
        }
    },
    {
        "model": "hiketracking.point",
        "pk": 155,
        "fields": {
            "latitude": 44.841117,
            "longitude": 9.995562,
            "province": "Parma",
            "village": "Salsomaggiore Terme",
            "address": "Loc. San Nicomede, 29, 43039 Salsomaggiore Terme PR",
            "type": "none"
        }
    },
    {
        "model": "hiketracking.point",
        "pk": 156,
        "fields": {
            "latitude": 44.840891,
            "longitude": 9.999061,
            "province": "Parma",
            "village": "Salsomaggiore Terme",
            "address": "Salsomaggiore Terme (PR)",
            "type": "none"
        }
    },
    {
        "model": "hiketracking.point",
        "pk": 157,
        "fields": {
            "latitude": 44.69066,
            "longitude": 10.098623,
            "province": "Parma",
            "village": "Fornovo di Taro",
            "address": "Via Cesare Battisti, 7, 43045 Fornovo di Taro PR",
            "type": "none"
        }
    },
    {
        "model": "hiketracking.point",
        "pk": 158,
        "fields": {
            "latitude": 44.584838,
            "longitude": 10.033527,
            "province": "Parma",
            "village": "Cassio",
            "address": "Cassio (PR)",
            "type": "none"
        }
    },
    {
        "model": "hiketracking.point",
        "pk": 159,
        "fields": {
            "latitude": 44.906763,
            "longitude": 9.770198,
            "province": "Piacenza",
            "village": "Carpaneto",
            "address": "Carpaneto (PC)",
            "type": "none"
        }
    },
    {
        "model": "hiketracking.point",
        "pk": 160,
        "fields": {
            "latitude": 44.851585,
            "longitude": 9.866935,
            "province": "Piacenza",
            "village": "Castell'Arquato ",
            "address": "Via Sforza Caolzio, 9, 29014 Castell'Arquato PC",
            "type": "none"
        }
    },
    {
        "model": "hiketracking.point",
        "pk": 161,
        "fields": {
            "latitude": 44.584839,
            "longitude": 10.033528,
            "province": "Parma",
            "village": "Cassio",
            "address": "Cassio (PR)",
            "type": "none"
        }
    },
    {
        "model": "hiketracking.point",
        "pk": 162,
        "fields": {
            "latitude": 44.510059,
            "longitude": 9.989216,
            "province": "Parma",
            "village": "Berceto ",
            "address": "Berceto (PR)",
            "type": "none"
        }
    },
    {
        "model": "hiketracking.point",
        "pk": 163,
        "fields": {
            "latitude": 44.422712,
            "longitude": 9.936237,
            "province": "Massa and Carrara",
            "village": "Previde",
            "address": "Previde(MS)",
            "type": "none"
        }
    },
    {
        "model": "hiketracking.point",
        "pk": 164,
        "fields": {
            "latitude": 44.331833,
            "longitude": 9.936237,
            "province": "Massa and Carrara",
            "village": "Filattiera",
            "address": "Filattiera (MS)",
            "type": "none"
        }
    },
    {
        "model": "hiketracking.point",
        "pk": 165,
        "fields": {
            "latitude": 40.66605,
            "longitude": 16.61339,
            "province": "",
            "village": "",
            "address": "Via Roma 12",
            "type": "none"
        }
    },
    {
        "model": "hiketracking.point",
        "pk": 166,
        "fields": {
            "latitude": 40.67208,
            "longitude": 16.62886,
            "province": "Matera",
            "village": "Trasano",
            "address": "Viale Trasano",
            "type": "none"
        }
    },
    {
        "model": "hiketracking.point",
        "pk": 167,
        "fields": {
            "latitude": 40.51674,
            "longitude": 16.06289,
            "province": "Potenza",
            "village": "Pietrapertosa",
            "address": "Parco Pierto 10",
            "type": "none"
        }
    },
    {
        "model": "hiketracking.point",
        "pk": 168,
        "fields": {
            "latitude": 40.67092,
            "longitude": 16.63172,
            "province": "Matera",
            "village": "Pedale della Palomba",
            "address": "Statale 123",
            "type": "none"
        }
    },
    {
        "model": "hiketracking.point",
        "pk": 169,
        "fields": {
            "latitude": 39.93403,
            "longitude": 16.16156,
            "province": "Potenza",
            "village": "Viggianello",
            "address": "Viggianello Piazza Centrale",
            "type": "none"
        }
    },
    {
        "model": "hiketracking.point",
        "pk": 170,
        "fields": {
            "latitude": 40.5243,
            "longitude": 16.04634,
            "province": "Potenza",
            "village": "Castelmezzano",
            "address": "Via Tredicilance 12",
            "type": "none"
        }
    },
    {
        "model": "hiketracking.point",
        "pk": 171,
        "fields": {
            "latitude": 40.14136,
            "longitude": 15.9827,
            "province": "Potenza",
            "village": "Castelsaraceno",
            "address": "Piazzale Ceti Radogna",
            "type": "none"
        }
    },
    {
        "model": "hiketracking.point",
        "pk": 172,
        "fields": {
            "latitude": 39.92537,
            "longitude": 16.21372,
            "province": "Potenza",
            "village": "Terranova di Pollino",
            "address": "Via Pollino 12",
            "type": "none"
        }
    },
    {
        "model": "hiketracking.point",
        "pk": 173,
        "fields": {
            "latitude": 40.67202,
            "longitude": 16.62876,
            "province": "Matera",
            "village": "Trasano",
            "address": "Lombardo Al Piceno",
            "type": "none"
        }
    },
    {
        "model": "hiketracking.point",
        "pk": 174,
        "fields": {
            "latitude": 40.69908,
            "longitude": 16.47273,
            "province": "",
            "village": "",
            "address": "Via Marco polo 12",
            "type": "none"
        }
    },
    {
        "model": "hiketracking.point",
        "pk": 175,
        "fields": {
            "latitude": 40.66681,
            "longitude": 16.61095,
            "province": "",
            "village": "",
            "address": "Lombardo 13",
            "type": "none"
        }
    },
    {
        "model": "hiketracking.point",
        "pk": 176,
        "fields": {
            "latitude": 45.188244,
            "longitude": 7.0768,
            "province": "Torino",
            "village": "Mompantero",
            "address": "Nice view",
            "type": "none"
        }
    },
    {
        "model": "hiketracking.point",
        "pk": 177,
        "fields": {
            "latitude": 43.492982,
            "longitude": 10.601179,
            "province": " ",
            "village": " ",
            "address": "Veduta del pian di Pisa dai Trogoloni",
            "type": "none"
        }
    },
    {
        "model": "hiketracking.point",
        "pk": 178,
        "fields": {
            "latitude": 43.492644,
            "longitude": 10.600715,
            "province": " ",
            "village": " ",
            "address": "Cascata e Grotta di Bernardo",
            "type": "none"
        }
    },
    {
        "model": "hiketracking.point",
        "pk": 179,
        "fields": {
            "latitude": 44.627326,
            "longitude": 9.868022,
            "province": "Parma",
            "village": "Varsi",
            "address": "frazione di Pessola",
            "type": "none"
        }
    },
    {
        "model": "hiketracking.point",
        "pk": 180,
        "fields": {
            "latitude": 44.487099,
            "longitude": 9.768211,
            "province": " ",
            "village": " ",
            "address": "Borgo Val di Taro",
            "type": "none"
        }
    },
    {
        "model": "hiketracking.point",
        "pk": 181,
        "fields": {
            "latitude": 44.600605,
            "longitude": 9.84237,
            "province": " ",
            "village": " ",
            "address": "Via degli Abati",
            "type": "none"
        }
    },
    {
        "model": "hiketracking.point",
        "pk": 182,
        "fields": {
            "latitude": 44.721837,
            "longitude": 9.925248,
            "province": "Parma",
            "village": "Pellegrino Parmense",
            "address": "",
            "type": "none"
        }
    },
    {
        "model": "hiketracking.point",
        "pk": 183,
        "fields": {
            "latitude": 44.721795,
            "longitude": 9.92494,
            "province": "Parma",
            "village": "Pellegrino Parmense",
            "address": "",
            "type": "none"
        }
    },
    {
        "model": "hiketracking.point",
        "pk": 184,
        "fields": {
            "latitude": 42.000656,
            "longitude": 12.093337,
            "province": " ",
            "village": " ",
            "address": "",
            "type": "none"
        }
    },
    {
        "model": "hiketracking.point",
        "pk": 185,
        "fields": {
            "latitude": 42.027757,
            "longitude": 12.054869,
            "province": " ",
            "village": " ",
            "address": "",
            "type": "none"
        }
    },
    {
        "model": "hiketracking.point",
        "pk": 186,
        "fields": {
            "latitude": 38.123729,
            "longitude": 15.902465,
            "province": "Reggio Calabria",
            "village": "Roccaforte del Greco",
            "address": "",
            "type": "none"
        }
    },
    {
        "model": "hiketracking.point",
        "pk": 187,
        "fields": {
            "latitude": 38.113191,
            "longitude": 15.903641,
            "province": "Reggio Calabria",
            "village": "Roccaforte del Greco",
            "address": "",
            "type": "none"
        }
    },
    {
        "model": "hiketracking.point",
        "pk": 188,
        "fields": {
            "latitude": 41.370148,
            "longitude": 15.17183,
            "province": "Foggia",
            "village": "Biccari",
            "address": "campo di girasoli",
            "type": "none"
        }
    },
    {
        "model": "hiketracking.point",
        "pk": 189,
        "fields": {
            "latitude": 41.36644,
            "longitude": 15.163486,
            "province": "Foggia",
            "village": "Celle di San Vito",
            "address": "Lago",
            "type": "none"
        }
    },
    {
        "model": "hiketracking.point",
        "pk": 190,
        "fields": {
            "latitude": 38.414366,
            "longitude": 14.960139,
            "province": "Messina",
            "village": "Vulcano Porto",
            "address": "",
            "type": "none"
        }
    },
    {
        "model": "hiketracking.point",
        "pk": 191,
        "fields": {
            "latitude": 38.414231,
            "longitude": 14.960139,
            "province": "Messina",
            "village": "Vulcano Porto",
            "address": "",
            "type": "none"
        }
    },
    {
        "model": "hiketracking.point",
        "pk": 192,
        "fields": {
            "latitude": 39.796972,
            "longitude": 16.218752,
            "province": " ",
            "village": " ",
            "address": "",
            "type": "none"
        }
    },
    {
        "model": "hiketracking.point",
        "pk": 193,
        "fields": {
            "latitude": 39.796043,
            "longitude": 16.216589,
            "province": " ",
            "village": " ",
            "address": "",
            "type": "none"
        }
    },
    {
        "model": "hiketracking.hike",
        "pk": 2,
        "fields": {
            "title": "Sentiero per il ROC DEL BOUCHER",
            "length": 12,
            "expected_time": 180,
            "ascent": 1350,
            "altitude": 3285,
            "difficulty": "Pro Hiker",
            "description": "Questa escursione non è consigliata per i neofiti della montagna, per i principianti e per chi non ha un buon livello di allenamento: infatti oltre ad un dislivello abbastanza marcato anche la mancanza di una traccia ben segnalata ed evidente complica non di poco la progressione. è inoltre richiesta una certa abitudine e tranquillità a percorrere tratti esposti.",
            "track_file": "tracks/Roc_del_Boucher.gpx",
            "start_point": 3,
            "end_point": 4,
            "local_guide": 1,
            "picture": "hikePictures/roc_del_boucher.jpeg",
            "condition": "Open",
            "condition_description": "Open"
        }
    },
    {
        "model": "hiketracking.hike",
        "pk": 3,
        "fields": {
            "title": "Sentiero per PUNTA NERA",
            "length": 18,
            "expected_time": 150,
            "ascent": 1446,
            "altitude": 3047,
            "difficulty": "Pro Hiker",
            "description": "Percorso circolare che va a toccare il cuore del Gruppo Sorapiss. Tutto il settore sud est rimane purtroppo sconosciuto, poichè coperto dalle muraglie possenti del Fopo di Mattia e della Punta di Sorapiss, ma si ha modo di memorizzare tutta la fetta di territorio che va dal Passo Tre Croci alle pendici della Punta Nera. Nel complesso lungo e faticoso, consigliato a chi ha le gambe buone e sa trovare gli stimoli necessari. Sarà compensato da un ambiente sempre vario e comunque attraente. Dolce quando si rimontano le gobbe prative che avvicinano Forcella Faloria, severo lo scavalcamento della Sella di Punta Nera, impressionante la discesa sotto gli strapiombi (nel vero senso della parola) della Torre Pupa, lunare tra le pietraie che accompagnano al delizioso Lago di Sorapiss e sereno il rientro al Passo, sopra la Val Ansiei. L'ascesa alla Punta Nera, facoltativa, è la ciliegina sulla torta. Si domina la conca di Cortina, si ammirano le sue montagne tranne i tormentati e continui smantellamenti sul Faloria.",
            "track_file": "tracks/Punta_Nera_e_Colle_della_Rho.gpx",
            "start_point": 7,
            "end_point": 8,
            "local_guide": 1,
            "picture": "hikePictures/punta_nera.jpeg",
            "condition": "Open",
            "condition_description": "Open"
        }
    },
    {
        "model": "hiketracking.hike",
        "pk": 5,
        "fields": {
            "title": "Sentiero per il LAGO DEI SETTE COLORI",
            "length": 21,
            "expected_time": 180,
            "ascent": 309,
            "altitude": 2392,
            "difficulty": "Tourist",
            "description": "La passeggiata proposta è semplice. Il percorso è caratterizzato da un primo tratto in salita e successivamente da saliscendi che si distendono su ampi tratti prativi. Risulta comunque indicato a famiglie con bambini in età scolare. La partenza dal rifugio Capanna Mautino consente di avere un punto di ristoro e l'arrivo al Lago è indicato per pic-nic.",
            "track_file": "tracks/Lago_dei_7_colori.gpx",
            "start_point": 7,
            "end_point": 8,
            "local_guide": 1,
            "picture": "hikePictures/7_colori.jpeg",
            "condition": "Open",
            "condition_description": "Open"
        }
    },
    {
        "model": "hiketracking.hike",
        "pk": 6,
        "fields": {
            "title": "Sentiero per il MONTE PIETRABORGA da PIOSSASCO",
            "length": 15,
            "expected_time": 120,
            "ascent": 470,
            "altitude": 926,
            "difficulty": "Tourist",
            "description": "Il sentiero è molto facile e frequentato, ma occorre una sufficiente capacità di orientamento, in quanto presenta diverse diramazioni.",
            "track_file": "tracks/pietraborga_da_piossasco.gpx",
            "start_point": 11,
            "end_point": 12,
            "local_guide": 1,
            "picture": "hikePictures/monte_pietraborga.jpeg",
            "condition": "Open",
            "condition_description": "Open"
        }
    },
    {
        "model": "hiketracking.hike",
        "pk": 7,
        "fields": {
            "title": "Sentiero per TESTA DI GARITTA NUOVA da BORGATA RUA",
            "length": 18,
            "expected_time": 240,
            "ascent": 885,
            "altitude": 2385,
            "difficulty": "Hiker",
            "description": "Dalla vetta, nelle giornate con il cielo terso, la vista sul Monviso è una delle più suggestive di tutta la Valle Varaita essendo proprio sul confine con la Valle Po.",
            "track_file": "tracks/Testa di Garitta Nuova da Borgata Rua.gpx",
            "start_point": 13,
            "end_point": 14,
            "local_guide": 1,
            "picture": "hikePictures/testa_di_garitta_rua.jpeg",
            "condition": "Open",
            "condition_description": "Open"
        }
    },
    {
        "model": "hiketracking.hike",
        "pk": 8,
        "fields": {
            "title": "Sentiero per la CIMA DI CROSA",
            "length": 11,
            "expected_time": 240,
            "ascent": 1737,
            "altitude": 2624,
            "difficulty": "Hiker",
            "description": "Come accennato, io ho trovato alcuni pezzi con la neve, che rendevano un po' difficoltoso individuare il sentiero, con tratti anche scivolosi. Non ho avuto la necessità di ricorrere a nessun tipo di sostegno, anche nel traverso verticale sulla neve. In assenza di neve, il sentiero, come già detto, è visibilissimo. ",
            "track_file": "tracks/Borgata Rua-Cima di Crosa.gpx",
            "start_point": 15,
            "end_point": 16,
            "local_guide": 1,
            "picture": "hikePictures/cima_crosa.jpeg",
            "condition": "Open",
            "condition_description": "Open"
        }
    },
    {
        "model": "hiketracking.hike",
        "pk": 9,
        "fields": {
            "title": "Sentiero per MONTE RIBA DEL GIAS",
            "length": 8,
            "expected_time": 300,
            "ascent": 1010,
            "altitude": 2379,
            "difficulty": "Tourist",
            "description": "Dall'ometto di pietra possiamo vedere chiaramente tutta la cresta che separa Valle Varaita dalla Valle Po e spostando lo sguardo a desta del colle Cervetto vediamo chiaramente Riba del Gias, riconoscibile come la punta più elevata della cresta.",
            "track_file": "tracks/Monte Riba del Gias da Becetto(Rua).gpx",
            "start_point": 17,
            "end_point": 18,
            "local_guide": 1,
            "picture": "hikePictures/monte_riba.jpeg",
            "condition": "Open",
            "condition_description": "Open"
        }
    },
    {
        "model": "hiketracking.hike",
        "pk": 10,
        "fields": {
            "title": "Sentiero per il RIFUGIO MEIRA GARNERI da SAMPEYRE",
            "length": 8,
            "expected_time": 120,
            "ascent": 850,
            "altitude": 1850,
            "difficulty": "Hiker",
            "description": "Questo itinerario è molto molto suggestivo da percorrere nelle notti di luna piena dove, previa prenotazione, è possibile cenare al rifugio.",
            "track_file": "tracks/Rifugio Meira Garneri da Sampeyre.gpx",
            "start_point": 19,
            "end_point": 20,
            "local_guide": 1,
            "picture": "hikePictures/rifugio_meira.jpeg",
            "condition": "Open",
            "condition_description": "Open"
        }
    },
    {
        "model": "hiketracking.hike",
        "pk": 11,
        "fields": {
            "title": "Sentiero per i LAGHI DEL MONVISO",
            "length": 10,
            "expected_time": 150,
            "ascent": 500,
            "altitude": 1770,
            "difficulty": "Hiker",
            "description": "Il terreno è un poco scosceso in alcuni tratti e si presenta pietroso.",
            "track_file": "tracks/Pian della Regina - Laghi del Monviso.gpx",
            "start_point": 20,
            "end_point": 21,
            "local_guide": 1,
            "picture": "hikePictures/Monviso_laghi.jpeg",
            "condition": "Open",
            "condition_description": "Open"
        }
    },
    {
        "model": "hiketracking.hike",
        "pk": 12,
        "fields": {
            "title": "Greenway Del Lago Di Como",
            "length": 11,
            "expected_time": 210,
            "ascent": 221,
            "altitude": 300,
            "difficulty": "Tourist",
            "description": "Il terreno è pianeggiante. C'è una piccola salita e la pista non è molto sassosa.",
            "track_file": "tracks/GreenWay.gpx",
            "start_point": 22,
            "end_point": 23,
            "local_guide": 1,
            "picture": "hikePictures/greenway_como.jpeg",
            "condition": "Open",
            "condition_description": "Open"
        }
    },
    {
        "model": "hiketracking.hike",
        "pk": 13,
        "fields": {
            "title": "Il Sentiero Degli Dei",
            "length": 7,
            "expected_time": 180,
            "ascent": 200,
            "altitude": 630,
            "difficulty": "Hiker",
            "description": "Il sentiero è roccioso e non è asfaltato. Presenta alcune salite, ma nel complesso è un'escursione in discesa. Non c'è una ringhiera protettiva, quindi non è consigliabile farlo con i bambini. Anche le persone con vertigini dovrebbero evitarlo.",
            "track_file": "tracks/Il-Sentiero-Degli-Dei.gpx",
            "start_point": 24,
            "end_point": 25,
            "local_guide": 1,
            "picture": "hikePictures/sentiero_degli_dei.jpeg",
            "condition": "Open",
            "condition_description": "Open"
        }
    },
    {
        "model": "hiketracking.hike",
        "pk": 14,
        "fields": {
            "title": "Sentiero Monterosso - Vernazza",
            "length": 3,
            "expected_time": 80,
            "ascent": 217,
            "altitude": 280,
            "difficulty": "Tourist",
            "description": "Il sentiero dal lato di Monterosso guadagna bruscamente quota, quindi dovrai salire 500 gradini, lastricati sull'antico sentiero.",
            "track_file": "tracks/SentieroMonterosso.gpx",
            "start_point": 26,
            "end_point": 27,
            "local_guide": 1,
            "picture": "hikePictures/monterosso.jpeg",
            "condition": "Open",
            "condition_description": "Open"
        }
    },
    {
        "model": "hiketracking.hike",
        "pk": 100,
        "fields": {
            "title": "Riserva dello zingaro",
            "length": 10,
            "expected_time": 81,
            "ascent": 514,
            "altitude": 913,
            "difficulty": "Hiker",
            "description": "Una stupenda escursione tra mare e vegetazione, l'unica difficoltà nell'affrontarla è la temperatura estiva",
            "track_file": "tracks/Riserva dello zingaro.gpx",
            "start_point": 101,
            "end_point": 102,
            "local_guide": 1,
            "picture": "hikePictures/zingaro.jpeg",
            "condition": "Open",
            "condition_description": "Open"
        }
    },
    {
        "model": "hiketracking.hike",
        "pk": 103,
        "fields": {
            "title": "Passeggiata per il bosco scorace",
            "length": 9,
            "expected_time": 80,
            "ascent": 320,
            "altitude": 400,
            "difficulty": "Hiker",
            "description": "Alla scoperta dei bosci e della campagna che circonda la natura incontaminata",
            "track_file": "tracks/Passeggiata per il bosco scorace.gpx",
            "start_point": 104,
            "end_point": 105,
            "local_guide": 1,
            "picture": "hikePictures/scorace.jpeg",
            "condition": "Open",
            "condition_description": "Open"
        }
    },
    {
        "model": "hiketracking.hike",
        "pk": 106,
        "fields": {
            "title": "Monte Sparagio",
            "length": 7,
            "expected_time": 170,
            "ascent": 470,
            "altitude": 1100,
            "difficulty": "Hiker",
            "description": "Una scalata per ammirare al meglio il sole al tramonto che si spegne sul mare",
            "track_file": "tracks/Monte sparagio.gpx",
            "start_point": 107,
            "end_point": 108,
            "local_guide": 1,
            "picture": "hikePictures/sparagio.jpeg",
            "condition": "Open",
            "condition_description": "Open"
        }
    },
    {
        "model": "hiketracking.hike",
        "pk": 109,
        "fields": {
            "title": "Monte Erice e Torretta Pepoli",
            "length": 3,
            "expected_time": 50,
            "ascent": 116,
            "altitude": 116,
            "difficulty": "Hiker",
            "description": "Una passeggiata alla scoperta del monte Erice e della torretta Pepoli",
            "track_file": "tracks/Monte erice e torretta pepoli.gpx",
            "start_point": 110,
            "end_point": 111,
            "local_guide": 1,
            "picture": "hikePictures/erice.jpeg",
            "condition": "Open",
            "condition_description": "Open"
        }
    },
    {
        "model": "hiketracking.hike",
        "pk": 112,
        "fields": {
            "title": "Monte Cofano",
            "length": 6,
            "expected_time": 155,
            "ascent": 400,
            "altitude": 657,
            "difficulty": "Hiker",
            "description": "Escursione sul monte Cofano guardando il mare",
            "track_file": "tracks/Monte cofano.gpx",
            "start_point": 113,
            "end_point": 114,
            "local_guide": 1,
            "picture": "hikePictures/cofano.jpeg",
            "condition": "Open",
            "condition_description": "Open"
        }
    },
    {
        "model": "hiketracking.hike",
        "pk": 115,
        "fields": {
            "title": "Lago di Garda",
            "length": 5,
            "expected_time": 90,
            "ascent": 88,
            "altitude": 100,
            "difficulty": "Hiker",
            "description": "Escursione sul lago di Garda",
            "track_file": "tracks/Lago di garda.gpx",
            "start_point": 116,
            "end_point": 117,
            "local_guide": 1,
            "picture": "hikePictures/lago_di_garda.jpeg",
            "condition": "Open",
            "condition_description": "Open"
        }
    },
    {
        "model": "hiketracking.hike",
        "pk": 118,
        "fields": {
            "title": "Lago Poma",
            "length": 5,
            "expected_time": 80,
            "ascent": 205,
            "altitude": 2077,
            "difficulty": "Hiker",
            "description": "Escursione sul lago Poma",
            "track_file": "tracks/Lago poma.gpx",
            "start_point": 119,
            "end_point": 120,
            "local_guide": 1,
            "picture": "hikePictures/lago_poma.jpeg",
            "condition": "Open",
            "condition_description": "Open"
        }
    },
    {
        "model": "hiketracking.hike",
        "pk": 121,
        "fields": {
            "title": "Favignana",
            "length": 16,
            "expected_time": 280,
            "ascent": 288,
            "altitude": 6,
            "difficulty": "Hiker",
            "description": "Visita dell'isola di favignana",
            "track_file": "tracks/Favignana.gpx",
            "start_point": 122,
            "end_point": 123,
            "local_guide": 1,
            "picture": "hikePictures/favignana.jpeg",
            "condition": "Open",
            "condition_description": "Open"
        }
    },
    {
        "model": "hiketracking.hike",
        "pk": 124,
        "fields": {
            "title": "Sentiero per l'Etna",
            "length": 18,
            "expected_time": 445,
            "ascent": 800,
            "altitude": 2199,
            "difficulty": "Pro Hiker",
            "description": "Escursione sull'Etna",
            "track_file": "tracks/Etna.gpx",
            "start_point": 125,
            "end_point": 126,
            "local_guide": 1,
            "picture": "hikePictures/etna.jpeg",
            "condition": "Open",
            "condition_description": "Open"
        }
    },
    {
        "model": "hiketracking.hike",
        "pk": 127,
        "fields": {
            "title": "Parco dei Sicani",
            "length": 10,
            "expected_time": 115,
            "ascent": 300,
            "altitude": 1180,
            "difficulty": "Hiker",
            "description": "Parco dei Sicani",
            "track_file": "tracks/Parco dei Sicani.gpx",
            "start_point": 128,
            "end_point": 129,
            "local_guide": 1,
            "picture": "hikePictures/Sicani.jpeg",
            "condition": "Open",
            "condition_description": "Open"
        }
    },
    
    {
        "model": "hiketracking.hike",
        "pk": 135,
        "fields": {
            "title": "Punta Tresino from Agropoli to",
            "length": 13,
            "expected_time": 260,
            "ascent": 174,
            "altitude": 356,
            "difficulty": "easy",
            "description": "Gentle coastal walk along the Punta Tresino from Agropoli train station to Santa Maria di Castellabate.",
            "track_file": "tracks/t800231309_punta_tresino_from.gpx",
            "start_point": 145,
            "end_point": 146,
            "local_guide": 17,
            "picture": "hikePictures/tresino.jpeg",
            "condition": "Open",
            "condition_description": "Open"
        }
    },
    {
        "model": "hiketracking.hike",
        "pk": 136,
        "fields": {
            "title": "Path of the Sirens",
            "length": 15,
            "expected_time": 270,
            "ascent": 60,
            "altitude": 783,
            "difficulty": "Hiker",
            "description": "Out and back walk along the Path of the Sirens, from Santa Maria di Castellabate to its sister village of San Marco di Castellabate and beyond to Punta Licosa.",
            "track_file": "tracks/t800393858_path_of_the_sirens.gpx",
            "start_point": 147,
            "end_point": 148,
            "local_guide": 17,
            "picture": "hikePictures/sirens.jpeg",
            "condition": "Open",
            "condition_description": "Open"
        }
    },
    {
        "model": "hiketracking.hike",
        "pk": 137,
        "fields": {
            "title": "Path of the Sirens - Extended",
            "length": 20,
            "expected_time": 354,
            "ascent": 99,
            "altitude": 1000,
            "difficulty": "Hiker",
            "description": "Out and back walk along the Path of the Sirens, from Santa Maria di Castellabate to its sister village of San Marco di Castellabate and beyond to Punta Licosa.",
            "track_file": "tracks/t800231648_path_of_the_sirens_-.gpx",
            "start_point": 149,
            "end_point": 150,
            "local_guide": 17,
            "picture": "hikePictures/sirens.jpeg",
            "condition": "Open",
            "condition_description": "Open"
        }
    },
    {
        "model": "hiketracking.hike",
        "pk": 138,
        "fields": {
            "title": "Mongelia-Levanto",
            "length": 18,
            "expected_time": 370,
            "ascent": 50,
            "altitude": 4,
            "difficulty": "Hiker",
            "description": "Stage of a pilgrimage along ancient Roman roads the entire length of Italy",
            "track_file": "tracks/Mongelia_Levanto.gpx",
            "start_point": 151,
            "end_point": 152,
            "local_guide": 17,
            "picture": "hikePictures/MongeliaLevanto.jpeg",
            "condition": "Open",
            "condition_description": "Open"
        }
    },
    {
        "model": "hiketracking.hike",
        "pk": 139,
        "fields": {
            "title": "Castell' Arquato to Fidenza",
            "length": 23,
            "expected_time": 390,
            "ascent": 872,
            "altitude": 224,
            "difficulty": "Hiker",
            "description": "walk is along a peaceful stretch of the Via Francigena, where you can contemplate your experiences of the previous days",
            "track_file": "tracks/castel-arquato-to-fidenza.gpx",
            "start_point": 153,
            "end_point": 154,
            "local_guide": 17,
            "picture": "hikePictures/castellarquato.jpeg",
            "condition": "Open",
            "condition_description": "Open"
        }
    },
    {
        "model": "hiketracking.hike",
        "pk": 140,
        "fields": {
            "title": "Saline Farnesiane e Costa Marenga",
            "length": 8,
            "expected_time": 140,
            "ascent": 117,
            "altitude": 234,
            "difficulty": "Easy",
            "description": "Dal museo MuMab di San Nicomede a Salsominore, rientro da Costa Marenga, passando per l'ultimo esempio di salina del territorio",
            "track_file": "tracks/saline_farnesiane.gpx",
            "start_point": 155,
            "end_point": 156,
            "local_guide": 17,
            "picture": "hikePictures/saline_farnesiane.jpeg",
            "condition": "Open",
            "condition_description": "Open"
        }
    },
    {
        "model": "hiketracking.hike",
        "pk": 141,
        "fields": {
            "title": "Fornovo to Cassio",
            "length": 20,
            "expected_time": 420,
            "ascent": 1103,
            "altitude": 1500,
            "difficulty": "Moderate",
            "description": "Situated at 1,040m it divides the Ligurian and Tuscan Apennines. The superb mountain scenery is a highlight and in addition to this, you will pass through the Salti del Diavolo, unusual rock formations which were formed over 80 million years ago. ",
            "track_file": "tracks/fornovo-cassio.gpx",
            "start_point": 157,
            "end_point": 158,
            "local_guide": 17,
            "picture": "hikePictures/fornovo.jpeg",
            "condition": "Open",
            "condition_description": "Open"
        }
    },
    {
        "model": "hiketracking.hike",
        "pk": 142,
        "fields": {
            "title": "Carpaneto to Castell'Arquato",
            "length": 13,
            "expected_time": 240,
            "ascent": 212,
            "altitude": 100,
            "difficulty": "Moderate",
            "description": "A delightful shorter day of walking awaits as you travel through vineyard-covered hills and an area famed for its Colli Piacentini wines",
            "track_file": "tracks/car-castel.gpx",
            "start_point": 159,
            "end_point": 160,
            "local_guide": 17,
            "picture": "hikePictures/carpaneto.jpeg",
            "condition": "Open",
            "condition_description": "Open"
        }
    },
    {
        "model": "hiketracking.hike",
        "pk": 143,
        "fields": {
            "title": "Cassio to Berceto",
            "length": 10,
            "expected_time": 210,
            "ascent": 700,
            "altitude": 246,
            "difficulty": "Moderate",
            "description": "Shady forests, hamlets and reach the crest of a hill before descending into Berceto",
            "track_file": "tracks/cassio-berceto.gpx",
            "start_point": 161,
            "end_point": 162,
            "local_guide": 17,
            "picture": "hikePictures/cassio.jpeg",
            "condition": "Open",
            "condition_description": "Open"
        }
    },
    {
        "model": "hiketracking.hike",
        "pk": 144,
        "fields": {
            "title": "Previde to Filattiera",
            "length": 21,
            "expected_time": 390,
            "ascent": 20,
            "altitude": 373,
            "difficulty": "Hiker",
            "description": "Along the way today you will see many interesting pilgrimage sites, such as small alters, little chapels and signs that during medieval times faith was so much a part of life",
            "track_file": "tracks/pre-fil.gpx",
            "start_point": 163,
            "end_point": 164,
            "local_guide": 17,
            "picture": "hikePictures/Previde.jpeg",
            "condition": "Open",
            "condition_description": "Open"
        }
    },
    {
        "model": "hiketracking.hike",
        "pk": 145,
        "fields": {
            "title": "Belvedere Murgia",
            "length": 4,
            "expected_time": 120,
            "ascent": 20,
            "altitude": 412,
            "difficulty": "Tourist",
            "description": "Scopri questo sentiero ad anello di 4,3-km vicino a Matera, Basilicata. Un percorso generalmente considerato facile che richiede una media di 1 o 36 min per essere completato.",
            "track_file": "tracks/Matera_-_Belvedere_Murgia_Materana.gpx",
            "start_point": 165,
            "end_point": 165,
            "local_guide": 1,
            "picture": "hikePictures/Belvedere_Murgia.jpeg",
            "condition": "Open",
            "condition_description": "Open"
        }
    },
    {
        "model": "hiketracking.hike",
        "pk": 304,
        "fields": {
            "title": "Trasversale Francigena",
            "length": 26,
            "expected_time": 600,
            "ascent": 819,
            "altitude": 1206,
            "difficulty": "Hiker",
            "description": "Il percorso è la terza tappa che compone la Trasversale Francigena, l'itineriario muove dalla località Pessola, frazione di Varsi, per giungere a Borgo Val di Taro.",
            "track_file": "tracks/trasversale_Francigena.gpx",
            "start_point": 179,
            "end_point": 180,
            "local_guide": 1,
            "picture": "hikePictures/trasversale_Francigena.jpg",
            "condition": "Open",
            "condition_description": "Open"
        }
    },
    {
        "model": "hiketracking.hike",
        "pk": 305,
        "fields": {
            "title": "Anello alla scoperta del Monte Santa Cristina",
            "length": 8,
            "expected_time": 170,
            "ascent": 368,
            "altitude": 944,
            "difficulty": "Tourist",
            "description": "First hike to be uploadedPercorso ad anello alla scoperta del Monte Santa Cristina tra boschi verdeggianti dimore delle sorgenti del Torrente Stirone.",
            "track_file": "tracks/anello_alla_scoperta.gpx",
            "start_point": 182,
            "end_point": 183,
            "local_guide": 1,
            "picture": "hikePictures/anello_alla_scoperta.jpg",
            "condition": "Open",
            "condition_description": "Open"
        }
    },
    {
        "model": "hiketracking.hike",
        "pk": 306,
        "fields": {
            "title": "Monti Ceriti",
            "length": 12,
            "expected_time": 300,
            "ascent": 217,
            "altitude": 288,
            "difficulty": "Pro Hiker",
            "description": "First hike to be uploadedBella escursione che dalla Necropoli della Banditaccia conduce alla scoperta dei boschi che ricoprono i Monti Ceriti, del Casale dell'Oliveto, sino alle Cascate del Fosso Norcino.",
            "track_file": "tracks/Monti_Ceriti.gpx",
            "start_point": 184,
            "end_point": 185,
            "local_guide": 1,
            "picture": "hikePictures/Monti_Ceriti.jpg",
            "condition": "Open",
            "condition_description": "Open"
        }
    },
    {
        "model": "hiketracking.hike",
        "pk": 307,
        "fields": {
            "title": "Cascate dell'Amendolea",
            "length": 3,
            "expected_time": 60,
            "ascent": 167,
            "altitude": 1373,
            "difficulty": "Hiker",
            "description": "Cascata Maesano, Cascate del Menta, Cascate Maisano Un bagno mozzafiato in acque limpide.",
            "track_file": "tracks/Cascate_dell_Amendolea.gpx",
            "start_point": 186,
            "end_point": 187,
            "local_guide": 1,
            "picture": "hikePictures/Cascate_dell_Amendolea.jpg",
            "condition": "Open",
            "condition_description": "Open"
        }
    },
    {
        "model": "hiketracking.hike",
        "pk": 308,
        "fields": {
            "title": "Monte Cornacchia",
            "length": 10,
            "expected_time": 200,
            "ascent": 416,
            "altitude": 1126,
            "difficulty": "Pro Hiker",
            "description": "Giro che scende per un canalone verso faeto passando per campi di girasoli per poi arrivare alla strada e risalire verso il lago.\nSalita ripida e faticosa.",
            "track_file": "tracks/Monte_Cornacchia.gpx",
            "start_point": 188,
            "end_point": 189,
            "local_guide": 1,
            "picture": "hikePictures/Monte_Cornacchia.jpg",
            "condition": "Open",
            "condition_description": "Open"
        }
    },
    {
        "model": "hiketracking.hike",
        "pk": 309,
        "fields": {
            "title": "Salita a vulcano",
            "length": 5,
            "expected_time": 120,
            "ascent": 370,
            "altitude": 377,
            "difficulty": "Hiker",
            "description": "il sentiero che dal Porto di Levante dell'Isola di Vulcano permette di raggiungere l'ambiente dantesco del Gran Cratere, la fucina di Efesto, dio greco del fuoco",
            "track_file": "tracks/salita_a_vulcano.gpx",
            "start_point": 190,
            "end_point": 191,
            "local_guide": 1,
            "picture": "hikePictures/salita_a_vulcano.jpeg",
            "condition": "Open",
            "condition_description": "Open"
        }
    },
    {
        "model": "hiketracking.hike",
        "pk": 310,
        "fields": {
            "title": "Casale Passarelli",
            "length": 0,
            "expected_time": 20,
            "ascent": 71,
            "altitude": 268,
            "difficulty": "Tourist",
            "description": "Tratto stradale e non fra il Casale Passarelli in Piano delle Rose - Castrovillari al punto del Guado delle Porticelle sul fiume Coscile",
            "track_file": "tracks/Casale_Passarelli.gpx",
            "start_point": 192,
            "end_point": 193,
            "local_guide": 1,
            "picture": "hikePictures/Casale_Passarelli.jpg",
            "condition": "Open",
            "condition_description": "Open"
        }
    },
    {
        "model": "hiketracking.hike",
        "pk": 400,
        "fields": {
            "title": "Cave di Murgia",
            "length": 4,
            "expected_time": 240,
            "ascent": 35,
            "altitude": 422,
            "difficulty": "Tourist",
            "description": "Sperimenta questo sentiero ad anello di 4,2-km vicino a Matera, Basilicata. Un percorso generalmente considerato moderatamente impegnativo che richiede una media di 1 o 4 min per essere completato. ",
            "track_file": "tracks/Cave_di_Murgia_-_Cappella_di_San_Falcione.gpx",
            "start_point": 166,
            "end_point": 166,
            "local_guide": 1,
            "picture": "hikePictures/Cave_di_Murgia.jpeg",
            "condition": "Open",
            "condition_description": "Open"
        }
    },
    {
        "model": "hiketracking.hike",
        "pk": 401,
        "fields": {
            "title": "Pietrapertosa",
            "length": 1,
            "expected_time": 240,
            "ascent": 664,
            "altitude": 1005,
            "difficulty": "Tourist",
            "description": "Dirigiti su questo sentiero ad anello di 10,3-km vicino a Pietrapertosa, Basilicata. Un percorso generalmente considerato moderatamente impegnativo che richiede una media di 4 o 30 min per essere completato",
            "track_file": "tracks/Pietrapertosa.gpx",
            "start_point": 167,
            "end_point": 167,
            "local_guide": 1,
            "picture": "hikePictures/Pietrapertosa.jpeg",
            "condition": "Open",
            "condition_description": "Open"
        }
    },
    {
        "model": "hiketracking.hike",
        "pk": 402,
        "fields": {
            "title": "Parco Radogna",
            "length": 8,
            "expected_time": 240,
            "ascent": 343,
            "altitude": 422,
            "difficulty": "Tourist",
            "description": "Esplora questo sentiero ad anello di 8,2-km vicino a Matera, Basilicata. Un percorso generalmente considerato moderatamente impegnativo che richiede una media di 2 o 38 min per essere completato",
            "track_file": "tracks/Parco_Radogna_-_Matera.gpx",
            "start_point": 168,
            "end_point": 168,
            "local_guide": 1,
            "picture": "hikePictures/Parco_Radogna.jpeg",
            "condition": "Open",
            "condition_description": "Open"
        }
    },
    {
        "model": "hiketracking.hike",
        "pk": 403,
        "fields": {
            "title": "Piano del Pollino",
            "length": 12,
            "expected_time": 240,
            "ascent": 600,
            "altitude": 1971,
            "difficulty": "Tourist",
            "description": "Sperimenta questo sentiero ad anello di 14,2-km vicino a Viggianello, Basilicata. Un percorso generalmente considerato moderatamente impegnativo che richiede una media di 4 o 59 min per essere completato.",
            "track_file": "tracks/Piano_del_Pollino_-_Giardino_degli_Dei.gpx",
            "start_point": 169,
            "end_point": 169,
            "local_guide": 1,
            "picture": "hikePictures/Piano_del_Pollino.jpeg",
            "condition": "Open",
            "condition_description": "Open"
        }
    },
    {
        "model": "hiketracking.hike",
        "pk": 404,
        "fields": {
            "title": "Ferrata Marciosa",
            "length": 7,
            "expected_time": 240,
            "ascent": 1010,
            "altitude": 270,
            "difficulty": "Tourist",
            "description": "Scopri questo sentiero ad anello di 7,7-km vicino a Castelmezzano, Basilicata.",
            "track_file": "tracks/Via_Ferrata_Marciosa_-_Via_Ferrata_Salemm.gpx",
            "start_point": 170,
            "end_point": 170,
            "local_guide": 1,
            "picture": "hikePictures/ferrata_marciosa.jpeg",
            "condition": "Open",
            "condition_description": "Open"
        }
    },
    {
        "model": "hiketracking.hike",
        "pk": 405,
        "fields": {
            "title": "Sentiero CAI del Bosco Favino",
            "length": 12,
            "expected_time": 240,
            "ascent": 714,
            "altitude": 1098,
            "difficulty": "Tourist",
            "description": "Goditi questo sentiero andata e ritorno di 12,7-km vicino a Castelsaraceno, Basilicata. Un percorso generalmente considerato moderatamente impegnativo che richiede una media di 4 o 58 min per essere completato.",
            "track_file": "tracks/Sentiero_CAI_970__dal_Bosco_Favino_al_Monte_Alpi.gpx",
            "start_point": 171,
            "end_point": 171,
            "local_guide": 1,
            "picture": "hikePictures/bosco_favino.jpeg",
            "condition": "Open",
            "condition_description": "Open"
        }
    },
    {
        "model": "hiketracking.hike",
        "pk": 406,
        "fields": {
            "title": "Colle Impiso",
            "length": 14,
            "expected_time": 240,
            "ascent": 747,
            "altitude": 1967,
            "difficulty": "Tourist",
            "description": "Scopri questo sentiero andata e ritorno di 14,3-km vicino a Terranova di Pollino, Basilicata. Un percorso generalmente considerato moderatamente impegnativo che richiede una media di 5 o 1 min per essere completato",
            "track_file": "tracks/Colle_Impiso_-_Piani_di_Vacquarro_-_Grande_Porta_del_Pollino.gpx",
            "start_point": 172,
            "end_point": 172,
            "local_guide": 1,
            "picture": "hikePictures/colle_impiso.jpeg",
            "condition": "Open",
            "condition_description": "Open"
        }
    },
    {
        "model": "hiketracking.hike",
        "pk": 407,
        "fields": {
            "title": "Parco delle Murgie",
            "length": 6,
            "expected_time": 240,
            "ascent": 100,
            "altitude": 422,
            "difficulty": "Tourist",
            "description": "Controlla questo sentiero ad anello di 6,8-km vicino a Matera, Basilicata. Un percorso generalmente considerato moderatamente impegnativo che richiede una media di 2 o 9 min per essere completato",
            "track_file": "tracks/Parco_delle_Murgie_-_Chiese_Rupestri_di_Matera.gpx",
            "start_point": 173,
            "end_point": 173,
            "local_guide": 1,
            "picture": "hikePictures/parco_delle_murgie.jpeg",
            "condition": "Open",
            "condition_description": "Open"
        }
    },
    {
        "model": "hiketracking.hike",
        "pk": 408,
        "fields": {
            "title": "Sentiero per il ROCCIAMELONE",
            "length": 9,
            "expected_time": 240,
            "ascent": 3000,
            "altitude": 3538,
            "difficulty": "Pro Hiker",
            "description": "Un percorso conosciutissimo, molto amato da Valsusini e non solo. è lungo e impegnativo per via del dislivello, ma segnalato benissimo e soprattutto con un punto di appoggio a metà strada circa (Il Rifugio gestito Ca d Asti)",
            "track_file": "tracks/rocciamelone.gpx",
            "start_point": 1,
            "end_point": 2,
            "local_guide": 1,
            "picture": "hikePictures/rocciamelone.jpeg",
            "condition": "Open",
            "condition_description": "Open"
        }
    },
    {
        "model": "hiketracking.hike",
        "pk": 409,
        "fields": {
            "title": "Terre di Matilda",
            "length": 6,
            "expected_time": 128,
            "ascent": 252,
            "altitude": 482,
            "difficulty": "Hiker",
            "description": "Un viaggio nella storia e nella natura di un territorio immerso nel verde delle colline pisane nel cuore della Toscana, attraverso un paesaggio incontaminato.",
            "track_file": "tracks/terre_di_matilda.gpx",
            "start_point": 177,
            "end_point": 178,
            "local_guide": 1,
            "picture": "hikePictures/terre_di_matilda.jpg",
            "condition": "Open",
            "condition_description": "Open"
        }
    },
    {
        "model": "hiketracking.hut",
        "pk": 1,
        "fields": {
            "name": "The hut Rifugio Torino",
            "n_beds": 97,
            "fee": 65.0,
            "ascent": 0,
            "phone": "+00000000",
            "email": "hutsemail",
            "web_site": "",
            "desc": "Il rifugio Torino è un rifugio alpino, situato de facto in Italia nel territorio del comune di Courmayeur, nell'alta Valdigne, in Valle d'Aosta, sul massiccio del Monte Bianco",
            "point": 1,
            "picture": "hutsPicture/defultImage.jpg"
        }
    },
    {
        "model": "hiketracking.hut",
        "pk": 2,
        "fields": {
            "name": "Rifugio Colle del Lys",
            "n_beds": 112,
            "fee": 40.0,
            "ascent": 0,
            "phone": "+00000000",
            "email": "hutsemail",
            "web_site": "",
            "desc": "Lo Yeti Village è un nuovo complesso sciistico circondato dalla splendida natura del Colle del Lys",
            "point": 108,
            "picture": "hutsPicture/defultImage.jpg"
        }
    },
    {
        "model": "hiketracking.hutworker",
        "pk": 1,
        "fields": {
            "hutworker": 4,
            "hut": 1
        }
    },
    {
        "model": "hiketracking.facility",
        "pk": 1,
        "fields": {
            "name": "Parking"
        }
    },
    {
        "model": "hiketracking.facility",
        "pk": 2,
        "fields": {
            "name": "Wifi"
        }
    },
    {
        "model": "hiketracking.facility",
        "pk": 2,
        "fields": {
            "name": "Wifi"
        }
    },
    {
        "model": "hiketracking.facility",
        "pk": 3,
        "fields": {
            "name": "Restaurant"
        }
    },
    {
        "model": "hiketracking.facility",
        "pk": 4,
        "fields": {
            "name": "Bar"
        }
    },
    {
        "model": "hiketracking.facility",
        "pk": 5,
        "fields": {
            "name": "Animals"
        }
    },
    {
        "model": "hiketracking.hutfacility",
        "pk": 1,
        "fields": {
            "hut": 1,
            "facility": 1
        }
    },
    {
        "model": "hiketracking.hutfacility",
        "pk": 2,
        "fields": {
            "hut": 1,
            "facility": 2
        }
    },
    {
        "model": "hiketracking.hutfacility",
        "pk": 3,
        "fields": {
            "hut": 2,
            "facility": 1
        }
    },
    {
        "model": "hiketracking.parkinglot",
        "pk": 1,
        "fields": {
            "name": "Campeggi Valbondione",
            "fee": 15.0,
            "n_cars": 271,
            "desc": "Il Campeggio Valbondione dispone di 271 piazzole, tutte fornite di corrente elettrica, ideali per roulotte, camper o tende. è situato a Valbondione (BG), in alta Val Seriana, alla base delle più alte vette delle Alpi Orobie e alla confluenza dei fiumi Serio e Bondione",
            "point": 103
        }
    },
    {
        "model": "hiketracking.parkinglot",
        "pk": 2,
        "fields": {
            "name": "CAMPING SASS DLACIA",
            "fee": 30.0,
            "n_cars": 156,
            "desc": "Il Camping Sass Dlacia si trova nel  paesino di San Cassiano (BZ) in Alta Badia, alle porte del Parco Naturale Fanes-Senes-Braies. Circondato da boschi e pascoli alle pendici delle Dolomiti, è il punto di partenza perfetto per passeggiate, escursioni e pedalate.",
            "point": 104
        }
    },
    {
        "model": "hiketracking.parkinglot",
        "pk": 3,
        "fields": {
            "name": "La sosta Smarano",
            "fee": 50.0,
            "n_cars": 98,
            "desc": "Una posizione privilegiata per raggiungere facilmente i laghi di Coredo e Tavon e il grande bacino di Santa Giustina, ma anche i centri abitati.",
            "point": 105
        }
    },
    {
        "model": "hiketracking.parkinglot",
        "pk": 4,
        "fields": {
            "name": "AREA CAMPER TSCHAVAL",
            "fee": 28.0,
            "n_cars": 256,
            "desc": "Al fondo della magnifica valle del LYS ( o di GRESSONEY), ai piedi del massiccio del MONTEROSA, vi aspetta un accogliente area di sosta per il vostro camper. La struttura nasce dal desiderio di un ex camperista di creare una struttura come si sarebbe aspettato di trovare in una località di montagna.",
            "point": 106
        }
    },
    {
        "model": "hiketracking.huthike",
        "pk": 1,
        "fields": {
            "hike": 300,
            "hut": 1
        }
    },
    {
        "model": "hiketracking.huthike",
        "pk": 2,
        "fields": {
            "hike": 2,
            "hut": 1
        }
    },
    {
        "model": "knox.authtoken",
        "pk": "e57501143d1653a29fe468d9f7e29f00c2eb76466de190459275ba47e9ac207126db72163fb236d50299e5eadabbc36e50cc0de743d928f8b317ff26bb992fea",
        "fields": {
            "token_key": "c770afd8",
            "user": 18,
            "created": "2023-01-06T16:20:36.826",
            "expiry": "2023-01-07T02:20:36.825"
        }
    },
    {
        "model": "knox.authtoken",
        "pk": "ee0c5b1735a0fc50bb80fad1201a4be7ebf9dfc1bb0206cb9529bd2e7abee623db46524d22ee36da6c189280d5983d074ab9bfef4e9a9f43daf93ab1b4fc8744",
        "fields": {
            "token_key": "5b40a598",
            "user": 1,
            "created": "2023-01-06T16:37:03.156",
            "expiry": "2023-01-07T02:37:03.156"
        }
    },
    {
        "model": "knox.authtoken",
        "pk": "fc2548b696658bb315acb049c513bd75908ed9208782c252844873c530af0c43079f7594cea9d3e19c1fdedb847f0cf679dc7c2d4880d636bd9c50c34548d0fb",
        "fields": {
            "token_key": "ba6dc5e8",
            "user": 18,
            "created": "2023-01-06T16:21:12.535",
            "expiry": "2023-01-07T02:21:12.534"
        }
    }
]